Condition,ECE_before,ECE_after
Atelectasis,0.1431868316876328,0.1018006383149835
Cardiomegaly,0.23257912523471397,0.14156511467801708
Consolidation,0.10220271629146022,0.1211604813468634
Edema,0.04917833532214675,0.05053282983771815
Pleural Effusion,0.07068343572796155,0.06285561302360845
